model,accuracy,precision,recall,f1,roc_auc,brier
Logistic Regression,0.49695493300852617,0.5053763440860215,0.8931116389548693,0.6454935622317597,0.5514429928741093,0.24907588251463095
Random Forest,0.5663824604141291,0.5616698292220114,0.7030878859857482,0.6244725738396625,0.583147268408551,0.25641691739361094
Gradient Boosting,0.5481120584652862,0.5443262411347518,0.7292161520190024,0.6233502538071066,0.5874821852731591,0.24463969994610132
